{
  "source": "userInterface",
  "revision": 6,
  "description": null,
  "createdBy": "{}",
  "createdOn": "",
  "modifiedBy": "{}",
  "modifiedOn": "",
  "isDeleted": false,
  "variables": {
    "statestorageaccount": {
      "value": "stterraformstorage43242"
    },
    "statestoragecontainer": {
      "value": "azure-aci"
    },
    "statestoragelocation": {
      "value": "westus"
    },
    "statestoragerg": {
      "value": "rg-terraform"
    }
  },
  "variableGroups": [],
  "environments": [
    {
      "id": 2,
      "name": "Build",
      "rank": 1,
      "owner": {
        "displayName": "$OwnerDisplayName$",
        "url": "",
        "_links": "{}",
        "id": "$OwnerId$",
        "uniqueName": "$OwnerUniqueName$",
        "imageUrl": "",
        "descriptor": ""
      },
      "variables": {},
      "variableGroups": [],
      "preDeployApprovals": {
        "approvals": [
          {
            "rank": 1,
            "isAutomated": true,
            "isNotificationOn": false,
            "id": 4
          }
        ],
        "approvalOptions": {
          "requiredApproverCount": null,
          "releaseCreatorCanBeApprover": false,
          "autoTriggeredAndPreviousEnvironmentApprovedCanBeSkipped": false,
          "enforceIdentityRevalidation": false,
          "timeoutInMinutes": 0,
          "executionOrder": "beforeGates"
        }
      },
      "deployStep": {
        "id": 5
      },
      "postDeployApprovals": {
        "approvals": [
          {
            "rank": 1,
            "isAutomated": true,
            "isNotificationOn": false,
            "id": 6
          }
        ],
        "approvalOptions": {
          "requiredApproverCount": null,
          "releaseCreatorCanBeApprover": false,
          "autoTriggeredAndPreviousEnvironmentApprovedCanBeSkipped": false,
          "enforceIdentityRevalidation": false,
          "timeoutInMinutes": 0,
          "executionOrder": "afterSuccessfulGates"
        }
      },
      "deployPhases": [
        {
          "deploymentInput": {
            "parallelExecution": {
              "parallelExecutionType": "none"
            },
            "agentSpecification": {
              "identifier": "ubuntu-18.04"
            },
            "skipArtifactsDownload": false,
            "artifactsDownloadInput": {
              "downloadInputs": []
            },
            "queueId": "$Azure Pipelines$",
            "demands": [],
            "enableAccessToken": false,
            "timeoutInMinutes": 0,
            "jobCancelTimeoutInMinutes": 1,
            "condition": "succeeded()",
            "overrideInputs": {}
          },
          "rank": 1,
          "phaseType": "agentBasedDeployment",
          "name": "Deploy Terraform Config",
          "refName": null,
          "workflowTasks": [
            {
              "environment": {},
              "taskId": "46e4be58-730b-4389-8a2f-ea10b3e5e815",
              "version": "1.*",
              "name": "Set up Azure Storage Account for Terraform State",
              "refName": "",
              "enabled": true,
              "alwaysRun": false,
              "continueOnError": false,
              "timeoutInMinutes": 0,
              "definitionType": "task",
              "overrideInputs": {},
              "condition": "succeeded()",
              "inputs": {
                "connectedServiceNameARM": "",
                "scriptLocation": "inlineScript",
                "scriptPath": "",
                "inlineScript": "#Create Resource Group for State Storage\naz group create --location $(statestoragelocation) --name $(statestoragerg)\n\n#Create Azure Storage Account\naz storage account create --name $(statestorageaccount) --resource-group $(statestoragerg) --location $(statestoragelocation) --sku Standard_LRS\n\n#Create Azure Storage Container\naz storage container create --name $(statestoragecontainer) --account-name $(statestorageaccount)",
                "args": "",
                "addSpnToEnvironment": "false",
                "useGlobalConfig": "false",
                "cwd": "",
                "failOnStandardError": "false"
              }
            },
            {
              "environment": {},
              "taskId": "a4789e5d-f6e8-431f-add9-379d640a883c",
              "version": "0.*",
              "name": "Install Terraform 0.12.18",
              "refName": "",
              "enabled": true,
              "alwaysRun": false,
              "continueOnError": false,
              "timeoutInMinutes": 0,
              "definitionType": "task",
              "overrideInputs": {},
              "condition": "succeeded()",
              "inputs": {
                "terraformVersion": "0.12.18"
              }
            },
            {
              "environment": {},
              "taskId": "fe504acc-6115-40cb-89ff-191386b5e7bf",
              "version": "0.*",
              "name": "Terraform : init",
              "refName": "",
              "enabled": true,
              "alwaysRun": false,
              "continueOnError": false,
              "timeoutInMinutes": 0,
              "definitionType": "task",
              "overrideInputs": {},
              "condition": "succeeded()",
              "inputs": {
                "provider": "azurerm",
                "command": "init",
                "workingDirectory": "$(System.DefaultWorkingDirectory)/_Terraform-ACI-CI/TerraformConfig",
                "commandOptions": "",
                "environmentServiceNameAzureRM": "",
                "environmentServiceNameAWS": "",
                "environmentServiceNameGCP": "",
                "backendServiceArm": "",
                "backendAzureRmResourceGroupName": "$(statestoragerg) ",
                "backendAzureRmStorageAccountName": "$(statestorageaccount)",
                "backendAzureRmContainerName": "$(statestoragecontainer)",
                "backendAzureRmKey": "terraform.tfstate",
                "backendServiceAWS": "",
                "backendAWSBucketName": "",
                "backendAWSKey": "",
                "backendServiceGCP": "",
                "backendGCPBucketName": "",
                "backendGCPPrefix": ""
              }
            },
            {
              "environment": {},
              "taskId": "fe504acc-6115-40cb-89ff-191386b5e7bf",
              "version": "0.*",
              "name": "Terraform : plan",
              "refName": "",
              "enabled": true,
              "alwaysRun": false,
              "continueOnError": false,
              "timeoutInMinutes": 0,
              "definitionType": "task",
              "overrideInputs": {},
              "condition": "succeeded()",
              "inputs": {
                "provider": "azurerm",
                "command": "plan",
                "workingDirectory": "$(System.DefaultWorkingDirectory)/_Terraform-ACI-CI/TerraformConfig",
                "commandOptions": "",
                "environmentServiceNameAzureRM": "",
                "environmentServiceNameAWS": "",
                "environmentServiceNameGCP": "",
                "backendServiceArm": "",
                "backendAzureRmResourceGroupName": "",
                "backendAzureRmStorageAccountName": "",
                "backendAzureRmContainerName": "",
                "backendAzureRmKey": "",
                "backendServiceAWS": "",
                "backendAWSBucketName": "",
                "backendAWSKey": "",
                "backendServiceGCP": "",
                "backendGCPBucketName": "",
                "backendGCPPrefix": ""
              }
            },
            {
              "environment": {},
              "taskId": "fe504acc-6115-40cb-89ff-191386b5e7bf",
              "version": "0.*",
              "name": "Terraform : apply -auto-approve",
              "refName": "",
              "enabled": true,
              "alwaysRun": false,
              "continueOnError": false,
              "timeoutInMinutes": 0,
              "definitionType": "task",
              "overrideInputs": {},
              "condition": "succeeded()",
              "inputs": {
                "provider": "azurerm",
                "command": "apply",
                "workingDirectory": "$(System.DefaultWorkingDirectory)/_Terraform-ACI-CI/TerraformConfig",
                "commandOptions": "-auto-approve",
                "environmentServiceNameAzureRM": "",
                "environmentServiceNameAWS": "",
                "environmentServiceNameGCP": "",
                "backendServiceArm": "",
                "backendAzureRmResourceGroupName": "",
                "backendAzureRmStorageAccountName": "",
                "backendAzureRmContainerName": "",
                "backendAzureRmKey": "",
                "backendServiceAWS": "",
                "backendAWSBucketName": "",
                "backendAWSKey": "",
                "backendServiceGCP": "",
                "backendGCPBucketName": "",
                "backendGCPPrefix": ""
              }
            }
          ]
        }
      ],
      "environmentOptions": {
        "emailNotificationType": "OnlyOnFailure",
        "emailRecipients": "release.environment.owner;release.creator",
        "skipArtifactsDownload": false,
        "timeoutInMinutes": 0,
        "enableAccessToken": false,
        "publishDeploymentStatus": true,
        "badgeEnabled": false,
        "autoLinkWorkItems": false,
        "pullRequestDeploymentEnabled": false
      },
      "demands": [],
      "conditions": [
        {
          "name": "ReleaseStarted",
          "conditionType": "event",
          "value": ""
        }
      ],
      "executionPolicy": {
        "concurrencyCount": 1,
        "queueDepthCount": 0
      },
      "schedules": [],
      "currentRelease": {
        "id": 0,
        "url": "https://vsrm.dev.azure.com/allanore/bfd73204-0209-4098-8450-1785fb0a83a7/_apis/Release/releases/0",
        "_links": {}
      },
      "retentionPolicy": {
        "daysToKeep": 30,
        "releasesToKeep": 3,
        "retainBuild": true
      },
      "processParameters": {},
      "properties": {
        "BoardsEnvironmentType": {
          "$type": "System.String",
          "$value": "unmapped"
        },
        "LinkBoardsWorkItems": {
          "$type": "System.String",
          "$value": "False"
        }
      },
      "preDeploymentGates": {
        "id": 0,
        "gatesOptions": null,
        "gates": []
      },
      "postDeploymentGates": {
        "id": 0,
        "gatesOptions": null,
        "gates": []
      },
      "environmentTriggers": [],
      "badgeUrl": ""
    }
  ],
  "artifacts": [
    {
      "sourceId": "$ProjectId$:$Terraform-ACI-CI-id$",
      "type": "Build",
      "alias": "_Terraform-ACI-CI",
      "definitionReference": {
        "artifactSourceDefinitionUrl": "{}",
        "defaultVersionBranch": {
          "id": "",
          "name": ""
        },
        "defaultVersionSpecific": {
          "id": "",
          "name": ""
        },
        "defaultVersionTags": {
          "id": "",
          "name": ""
        },
        "defaultVersionType": {
          "id": "latestType",
          "name": "Latest"
        },
        "definition": {
          "id": "$Terraform-ACI-CI-id$",
          "name": "Terraform-ACI-CI"
        },
        "definitions": {
          "id": "",
          "name": ""
        },
        "IsMultiDefinitionType": {
          "id": "False",
          "name": "False"
        },
        "project": {
          "id": "$ProjectId$",
          "name": "$ProjectName$"
        },
        "repository": {
          "id": "",
          "name": ""
        }
      },
      "isPrimary": true,
      "isRetained": false
    }
  ],
  "triggers": [],
  "releaseNameFormat": "Release-$(rev:r)",
  "tags": [],
  "properties": {
    "DefinitionCreationSource": {
      "$type": "System.String",
      "$value": "ReleaseImport"
    },
    "IntegrateBoardsWorkItems": {
      "$type": "System.String",
      "$value": "False"
    },
    "IntegrateJiraWorkItems": {
      "$type": "System.String",
      "$value": "false"
    }
  },
  "id": "",
  "name": "Terraform-ACI-CD",
  "path": "\\",
  "projectReference": null,
  "url": "",
  "_links": "{}"
}